"Date","Year","Passengers"
2021-05-10,"2019",2512315
2021-05-10,"2020",215645
2021-05-10,"2021",1657722
2021-05-10,"2022",NA
2021-05-11,"2019",2191387
2021-05-11,"2020",163205
2021-05-11,"2021",1315493
2021-05-11,"2022",NA
2021-05-12,"2019",2343675
2021-05-12,"2020",176667
2021-05-12,"2021",1424664
2021-05-12,"2022",NA
2021-05-13,"2019",2611324
2021-05-13,"2020",234928
2021-05-13,"2021",1743515
2021-05-13,"2022",NA
2021-05-14,"2019",2664549
2021-05-14,"2020",250467
2021-05-14,"2021",1716561
2021-05-14,"2022",NA
2021-05-15,"2019",2091116
2021-05-15,"2020",193340
2021-05-15,"2021",1453267
2021-05-15,"2022",NA
2021-05-16,"2019",2620276
2021-05-16,"2020",253807
2021-05-16,"2021",1850531
2021-05-16,"2022",NA
2021-05-17,"2019",2615691
2021-05-17,"2020",244176
2021-05-17,"2021",1734541
2021-05-17,"2022",NA
2021-05-18,"2019",2312727
2021-05-18,"2020",190477
2021-05-18,"2021",1408017
2021-05-18,"2022",NA
2021-05-19,"2019",2472123
2021-05-19,"2020",230367
2021-05-19,"2021",1496089
2021-05-19,"2022",NA
2021-05-20,"2019",2673635
2021-05-20,"2020",318449
2021-05-20,"2021",1728496
2021-05-20,"2022",NA
2021-05-21,"2019",2792670
2021-05-21,"2020",348673
2021-05-21,"2021",1820433
2021-05-21,"2022",NA
2021-05-22,"2019",2124825
2021-05-22,"2020",253190
2021-05-22,"2021",1550044
2021-05-22,"2022",NA
2021-05-23,"2019",2070716
2021-05-23,"2020",267451
2021-05-23,"2021",1863697
2021-05-23,"2022",NA
2021-05-24,"2019",2512237
2021-05-24,"2020",340769
2021-05-24,"2021",1747353
2021-05-24,"2022",NA
2021-05-25,"2019",2453649
2021-05-25,"2020",264843
2021-05-25,"2021",1470840
2021-05-25,"2022",NA
2021-05-26,"2019",2269035
2021-05-26,"2020",261170
2021-05-26,"2021",1618169
2021-05-26,"2022",NA
2021-05-27,"2019",2485770
2021-05-27,"2020",321776
2021-05-27,"2021",1854534
2021-05-27,"2022",NA
2021-05-28,"2019",2570613
2021-05-28,"2020",327133
2021-05-28,"2021",1959593
2021-05-28,"2022",NA
2021-05-29,"2019",2117180
2021-05-29,"2020",268867
2021-05-29,"2021",1605810
2021-05-29,"2022",NA
2021-05-30,"2019",2555578
2021-05-30,"2020",352947
2021-05-30,"2021",1650454
2021-05-30,"2022",NA
2021-05-31,"2019",2499002
2021-05-31,"2020",353261
2021-05-31,"2021",1900170
2021-05-31,"2022",NA
2021-06-01,"2019",2247421
2021-06-01,"2020",267742
2021-06-01,"2021",1682752
2021-06-01,"2022",NA
2021-06-02,"2019",2370152
2021-06-02,"2020",304436
2021-06-02,"2021",1587910
2021-06-02,"2022",NA
2021-06-03,"2019",2623947
2021-06-03,"2020",391882
2021-06-03,"2021",1815931
2021-06-03,"2022",NA
2021-06-04,"2019",2649808
2021-06-04,"2020",419675
2021-06-04,"2021",1879885
2021-06-04,"2022",NA
2021-06-05,"2019",2225952
2021-06-05,"2020",353016
2021-06-05,"2021",1681192
2021-06-05,"2022",NA
2021-06-06,"2019",2669860
2021-06-06,"2020",441255
2021-06-06,"2021",1984658
2021-06-06,"2022",NA
2021-06-07,"2019",2644981
2021-06-07,"2020",430414
2021-06-07,"2021",1828396
2021-06-07,"2022",NA
2021-06-08,"2019",2433189
2021-06-08,"2020",338382
2021-06-08,"2021",1560561
2021-06-08,"2022",NA
2021-06-09,"2019",2509058
2021-06-09,"2020",386969
2021-06-09,"2021",1669537
2021-06-09,"2022",NA
2021-06-10,"2019",2675686
2021-06-10,"2020",502209
2021-06-10,"2021",1975189
2021-06-10,"2022",NA
2021-06-11,"2019",2727860
2021-06-11,"2020",519304
2021-06-11,"2021",2028961
2021-06-11,"2022",NA
2021-06-12,"2019",2318946
2021-06-12,"2020",437119
2021-06-12,"2021",1812797
2021-06-12,"2022",NA
2021-06-13,"2019",2642083
2021-06-13,"2020",544046
2021-06-13,"2021",2097433
2021-06-13,"2022",NA
2021-06-14,"2019",2699580
2021-06-14,"2020",534528
2021-06-14,"2021",1800954
2021-06-14,"2022",NA
2021-06-15,"2019",2466574
2021-06-15,"2020",417924
2021-06-15,"2021",1678688
2021-06-15,"2022",NA
2021-06-16,"2019",2552395
2021-06-16,"2020",441829
2021-06-16,"2021",1792370
2021-06-16,"2022",NA
2021-06-17,"2019",2728786
2021-06-17,"2020",576514
2021-06-17,"2021",2039425
2021-06-17,"2022",NA
2021-06-18,"2019",2772903
2021-06-18,"2020",587908
2021-06-18,"2021",2081115
2021-06-18,"2022",NA
2021-06-19,"2019",2378559
2021-06-19,"2020",507129
2021-06-19,"2021",1882381
2021-06-19,"2022",NA
2021-06-20,"2019",2719643
2021-06-20,"2020",590456
2021-06-20,"2021",2100761
2021-06-20,"2022",NA
2021-06-21,"2019",2716428
2021-06-21,"2020",607540
2021-06-21,"2021",2030577
2021-06-21,"2022",NA
2021-06-22,"2019",2506510
2021-06-22,"2020",471421
2021-06-22,"2021",1795141
2021-06-22,"2022",NA
2021-06-23,"2019",2594661
2021-06-23,"2020",494826
2021-06-23,"2021",1801329
2021-06-23,"2022",NA
2021-06-24,"2019",2711222
2021-06-24,"2020",623624
2021-06-24,"2021",2085327
2021-06-24,"2022",NA
2021-06-25,"2019",2730515
2021-06-25,"2020",632984
2021-06-25,"2021",2137584
2021-06-25,"2022",NA
2021-06-26,"2019",2368846
2021-06-26,"2020",546310
2021-06-26,"2021",1918705
2021-06-26,"2022",NA
2021-06-27,"2019",2632030
2021-06-27,"2020",633810
2021-06-27,"2021",2167380
2021-06-27,"2022",NA
2021-06-28,"2019",2455536
2021-06-28,"2020",625235
2021-06-28,"2021",2066964
2021-06-28,"2022",NA
2021-06-29,"2019",2347767
2021-06-29,"2020",500054
2021-06-29,"2021",1808306
2021-06-29,"2022",NA
2021-06-30,"2019",2547889
2021-06-30,"2020",626516
2021-06-30,"2021",1920663
2021-06-30,"2022",NA
2021-07-01,"2019",2088760
2021-07-01,"2020",764761
2021-07-01,"2021",2147090
2021-07-01,"2022",NA
2021-07-02,"2019",2184253
2021-07-02,"2020",718988
2021-07-02,"2021",2196411
2021-07-02,"2022",NA
2021-07-03,"2019",2345846
2021-07-03,"2020",466669
2021-07-03,"2021",1915017
2021-07-03,"2022",NA
2021-07-04,"2019",2795369
2021-07-04,"2020",732123
2021-07-04,"2021",1681896
2021-07-04,"2022",NA
2021-07-05,"2019",2748718
2021-07-05,"2020",755555
2021-07-05,"2021",2160147
2021-07-05,"2022",NA
2021-07-06,"2019",2506859
2021-07-06,"2020",641761
2021-07-06,"2021",1889911
2021-07-06,"2022",NA
2021-07-07,"2019",2515902
2021-07-07,"2020",632498
2021-07-07,"2021",1880160
2021-07-07,"2022",NA
2021-07-08,"2019",2608209
2021-07-08,"2020",709653
2021-07-08,"2021",2027364
2021-07-08,"2022",NA
2021-07-09,"2019",2716812
2021-07-09,"2020",711124
2021-07-09,"2021",2147903
2021-07-09,"2022",NA
2021-07-10,"2019",2312178
2021-07-10,"2020",656284
2021-07-10,"2021",1987652
2021-07-10,"2022",NA
2021-07-11,"2019",2669717
2021-07-11,"2020",754545
2021-07-11,"2021",2198635
2021-07-11,"2022",NA
2021-07-12,"2019",2615115
2021-07-12,"2020",697985
2021-07-12,"2021",2093066
2021-07-12,"2022",NA
2021-07-13,"2019",2447177
2021-07-13,"2020",540268
2021-07-13,"2021",1832878
2021-07-13,"2022",NA
2021-07-14,"2019",2522563
2021-07-14,"2020",589285
2021-07-14,"2021",1900945
2021-07-14,"2022",NA
2021-07-15,"2019",2716828
2021-07-15,"2020",706164
2021-07-15,"2021",2152053
2021-07-15,"2022",NA
2021-07-16,"2019",2776960
2021-07-16,"2020",720378
2021-07-16,"2021",2199815
2021-07-16,"2022",NA
2021-07-17,"2019",2396462
2021-07-17,"2020",646654
2021-07-17,"2021",1979981
2021-07-17,"2022",NA
2021-07-18,"2019",2727355
2021-07-18,"2020",747422
2021-07-18,"2021",2227704
2021-07-18,"2022",NA
2021-07-19,"2019",2635312
2021-07-19,"2020",695330
2021-07-19,"2021",2141429
2021-07-19,"2022",NA
2021-07-20,"2019",2499460
2021-07-20,"2020",530421
2021-07-20,"2021",1871986
2021-07-20,"2022",NA
2021-07-21,"2019",2561911
2021-07-21,"2020",570951
2021-07-21,"2021",1934918
2021-07-21,"2022",NA
2021-07-22,"2019",2705399
2021-07-22,"2020",704815
2021-07-22,"2021",2101343
2021-07-22,"2022",NA
2021-07-23,"2019",2732770
2021-07-23,"2020",724770
2021-07-23,"2021",2159300
2021-07-23,"2022",NA
2021-07-24,"2019",2364925
2021-07-24,"2020",649027
2021-07-24,"2021",1942871
2021-07-24,"2022",NA
2021-07-25,"2019",2700723
2021-07-25,"2020",751205
2021-07-25,"2021",2177129
2021-07-25,"2022",NA
2021-07-26,"2019",2613346
2021-07-26,"2020",700043
2021-07-26,"2021",2124474
2021-07-26,"2022",NA
2021-07-27,"2019",2438967
2021-07-27,"2020",536756
2021-07-27,"2021",1858328
2021-07-27,"2022",NA
2021-07-28,"2019",2542365
2021-07-28,"2020",573200
2021-07-28,"2021",1923980
2021-07-28,"2022",NA
2021-07-29,"2019",2742882
2021-07-29,"2020",718310
2021-07-29,"2021",2127634
2021-07-29,"2022",NA
2021-07-30,"2019",2730936
2021-07-30,"2020",767320
2021-07-30,"2021",2198585
2021-07-30,"2022",NA
2021-07-31,"2019",2367967
2021-07-31,"2020",709033
2021-07-31,"2021",2007412
2021-07-31,"2022",NA
2021-08-01,"2019",2688640
2021-08-01,"2020",799861
2021-08-01,"2021",2238462
2021-08-01,"2022",NA
2021-08-02,"2019",2619406
2021-08-02,"2020",737235
2021-08-02,"2021",2031758
2021-08-02,"2022",NA
2021-08-03,"2019",2387115
2021-08-03,"2020",543601
2021-08-03,"2021",1797120
2021-08-03,"2022",NA
2021-08-04,"2019",2430094
2021-08-04,"2020",595739
2021-08-04,"2021",1855299
2021-08-04,"2022",NA
2021-08-05,"2019",2707986
2021-08-05,"2020",743599
2021-08-05,"2021",2063720
2021-08-05,"2022",NA
2021-08-06,"2019",2725000
2021-08-06,"2020",762547
2021-08-06,"2021",2109091
2021-08-06,"2022",NA
2021-08-07,"2019",2290340
2021-08-07,"2020",683212
2021-08-07,"2021",1925641
2021-08-07,"2022",NA
2021-08-08,"2019",2647897
2021-08-08,"2020",831789
2021-08-08,"2021",2168264
2021-08-08,"2022",NA
2021-08-09,"2019",2567986
2021-08-09,"2020",761861
2021-08-09,"2021",2022858
2021-08-09,"2022",NA
2021-08-10,"2019",2306829
2021-08-10,"2020",559420
2021-08-10,"2021",1727075
2021-08-10,"2022",NA
2021-08-11,"2019",2391906
2021-08-11,"2020",590749
2021-08-11,"2021",1761348
2021-08-11,"2022",NA
2021-08-12,"2019",2602446
2021-08-12,"2020",761821
2021-08-12,"2021",2045301
2021-08-12,"2022",NA
2021-08-13,"2019",2627564
2021-08-13,"2020",783744
2021-08-13,"2021",2065379
2021-08-13,"2022",NA
2021-08-14,"2019",2171962
2021-08-14,"2020",689895
2021-08-14,"2021",1811767
2021-08-14,"2022",NA
2021-08-15,"2019",2584444
2021-08-15,"2020",862949
2021-08-15,"2021",2114166
2021-08-15,"2022",NA
2021-08-16,"2019",2576965
2021-08-16,"2020",773319
2021-08-16,"2021",1980585
2021-08-16,"2022",NA
2021-08-17,"2019",2247446
2021-08-17,"2020",565946
2021-08-17,"2021",1607238
2021-08-17,"2022",NA
2021-08-18,"2019",2306838
2021-08-18,"2020",586718
2021-08-18,"2021",1678231
2021-08-18,"2022",NA
2021-08-19,"2019",2533184
2021-08-19,"2020",772380
2021-08-19,"2021",1945026
2021-08-19,"2022",NA
2021-08-20,"2019",2559244
2021-08-20,"2020",764468
2021-08-20,"2021",1990608
2021-08-20,"2022",NA
2021-08-21,"2019",2039233
2021-08-21,"2020",625822
2021-08-21,"2021",1685462
2021-08-21,"2022",NA
2021-08-22,"2019",2493162
2021-08-22,"2020",841806
2021-08-22,"2021",1965020
2021-08-22,"2022",NA
2021-08-23,"2019",2358007
2021-08-23,"2020",726788
2021-08-23,"2021",1820355
2021-08-23,"2022",NA
2021-08-24,"2019",2015088
2021-08-24,"2020",523186
2021-08-24,"2021",1468219
2021-08-24,"2022",NA
2021-08-25,"2019",2188688
2021-08-25,"2020",540043
2021-08-25,"2021",1539707
2021-08-25,"2022",NA
2021-08-26,"2019",2561109
2021-08-26,"2020",721060
2021-08-26,"2021",1826310
2021-08-26,"2022",NA
2021-08-27,"2019",2658558
2021-08-27,"2020",738873
2021-08-27,"2021",1853622
2021-08-27,"2022",NA
2021-08-28,"2019",1954902
2021-08-28,"2020",591734
2021-08-28,"2021",1511294
2021-08-28,"2022",NA
2021-08-29,"2019",1887845
2021-08-29,"2020",807695
2021-08-29,"2021",1900658
2021-08-29,"2022",NA
2021-08-30,"2019",2278159
2021-08-30,"2020",711178
2021-08-30,"2021",1629475
2021-08-30,"2022",NA
2021-08-31,"2019",2037750
2021-08-31,"2020",516068
2021-08-31,"2021",1345064
2021-08-31,"2022",NA
2021-09-01,"2019",1889044
2021-09-01,"2020",578131
2021-09-01,"2021",1465197
2021-09-01,"2022",NA
2021-09-02,"2019",2109858
2021-09-02,"2020",877698
2021-09-02,"2021",1896846
2021-09-02,"2022",NA
2021-09-03,"2019",2198828
2021-09-03,"2020",968673
2021-09-03,"2021",2129999
2021-09-03,"2022",NA
2021-09-04,"2019",1755502
2021-09-04,"2020",664640
2021-09-04,"2021",1545955
2021-09-04,"2022",NA
2021-09-05,"2019",2370003
2021-09-05,"2020",689630
2021-09-05,"2021",1630786
2021-09-05,"2022",NA
2021-09-06,"2019",2292985
2021-09-06,"2020",935308
2021-09-06,"2021",2025556
2021-09-06,"2022",NA
2021-09-07,"2019",1943379
2021-09-07,"2020",704075
2021-09-07,"2021",1662932
2021-09-07,"2022",NA
2021-09-08,"2019",2005867
2021-09-08,"2020",616923
2021-09-08,"2021",1439804
2021-09-08,"2022",NA
2021-09-09,"2019",2449302
2021-09-09,"2020",755051
2021-09-09,"2021",1685668
2021-09-09,"2022",NA
2021-09-10,"2019",2484025
2021-09-10,"2020",731353
2021-09-10,"2021",1792979
2021-09-10,"2022",NA
2021-09-11,"2019",1879822
2021-09-11,"2020",613703
2021-09-11,"2021",1363653
2021-09-11,"2022",NA
2021-09-12,"2019",2485134
2021-09-12,"2020",809850
2021-09-12,"2021",1966456
2021-09-12,"2022",NA
2021-09-13,"2019",2405832
2021-09-13,"2020",729558
2021-09-13,"2021",1672895
2021-09-13,"2022",NA
2021-09-14,"2019",2013050
2021-09-14,"2020",522383
2021-09-14,"2021",1271516
2021-09-14,"2022",NA
2021-09-15,"2019",2146857
2021-09-15,"2020",577847
2021-09-15,"2021",1455913
2021-09-15,"2022",NA
2021-09-16,"2019",2455410
2021-09-16,"2020",784746
2021-09-16,"2021",1851345
2021-09-16,"2022",NA
2021-09-17,"2019",2571924
2021-09-17,"2020",812214
2021-09-17,"2021",1942337
2021-09-17,"2022",NA
2021-09-18,"2019",1938402
2021-09-18,"2020",638575
2021-09-18,"2021",1476269
2021-09-18,"2022",NA
2021-09-19,"2019",2517826
2021-09-19,"2020",847968
2021-09-19,"2021",2075468
2021-09-19,"2022",NA
2021-09-20,"2019",2431388
2021-09-20,"2020",769936
2021-09-20,"2021",1820152
2021-09-20,"2022",NA
2021-09-21,"2019",2033490
2021-09-21,"2020",549741
2021-09-21,"2021",1338166
2021-09-21,"2022",NA
2021-09-22,"2019",2188236
2021-09-22,"2020",608726
2021-09-22,"2021",1460478
2021-09-22,"2022",NA
2021-09-23,"2019",2510926
2021-09-23,"2020",826316
2021-09-23,"2021",1904732
2021-09-23,"2022",NA
2021-09-24,"2019",2547611
2021-09-24,"2020",826329
2021-09-24,"2021",2019891
2021-09-24,"2022",NA
2021-09-25,"2019",1966234
2021-09-25,"2020",659350
2021-09-25,"2021",1525438
2021-09-25,"2022",NA
2021-09-26,"2019",2452596
2021-09-26,"2020",873038
2021-09-26,"2021",2102155
2021-09-26,"2022",NA
2021-09-27,"2019",2368818
2021-09-27,"2020",797699
2021-09-27,"2021",1849171
2021-09-27,"2022",NA
2021-09-28,"2019",1998980
2021-09-28,"2020",568688
2021-09-28,"2021",1334997
2021-09-28,"2022",NA
2021-09-29,"2019",2082179
2021-09-29,"2020",634046
2021-09-29,"2021",1448369
2021-09-29,"2022",NA
2021-09-30,"2019",2447687
2021-09-30,"2020",855908
2021-09-30,"2021",1934592
2021-09-30,"2022",NA
2021-10-01,"2019",2526835
2021-10-01,"2020",857186
2021-10-01,"2021",2011794
2021-10-01,"2022",NA
2021-10-02,"2019",1921185
2021-10-02,"2020",677661
2021-10-02,"2021",1534114
2021-10-02,"2022",NA
2021-10-03,"2019",2542118
2021-10-03,"2020",900911
2021-10-03,"2021",2100167
2021-10-03,"2022",NA
2021-10-04,"2019",2400153
2021-10-04,"2020",816838
2021-10-04,"2021",1842054
2021-10-04,"2022",NA
2021-10-05,"2019",2035628
2021-10-05,"2020",590766
2021-10-05,"2021",1390201
2021-10-05,"2022",NA
2021-10-06,"2019",2215233
2021-10-06,"2020",668519
2021-10-06,"2021",1563565
2021-10-06,"2022",NA
2021-10-07,"2019",2605291
2021-10-07,"2020",936915
2021-10-07,"2021",2063090
2021-10-07,"2022",NA
2021-10-08,"2019",2688032
2021-10-08,"2020",968545
2021-10-08,"2021",2169783
2021-10-08,"2022",NA
2021-10-09,"2019",2074718
2021-10-09,"2020",769868
2021-10-09,"2021",1645563
2021-10-09,"2022",NA
2021-10-10,"2019",2555333
2021-10-10,"2020",984234
2021-10-10,"2021",2086146
2021-10-10,"2022",NA
2021-10-11,"2019",2616771
2021-10-11,"2020",958440
2021-10-11,"2021",2083627
2021-10-11,"2022",NA
2021-10-12,"2019",2313632
2021-10-12,"2020",680894
2021-10-12,"2021",1695970
2021-10-12,"2022",NA
2021-10-13,"2019",2317763
2021-10-13,"2020",717940
2021-10-13,"2021",1641419
2021-10-13,"2022",NA
2021-10-14,"2019",2581007
2021-10-14,"2020",950024
2021-10-14,"2021",2048398
2021-10-14,"2022",NA
2021-10-15,"2019",2637667
2021-10-15,"2020",973046
2021-10-15,"2021",2070878
2021-10-15,"2022",NA
2021-10-16,"2019",2049855
2021-10-16,"2020",788743
2021-10-16,"2021",1704466
2021-10-16,"2022",NA
2021-10-17,"2019",2606266
2021-10-17,"2020",1031505
2021-10-17,"2021",2213296
2021-10-17,"2022",NA
2021-10-18,"2019",2514673
2021-10-18,"2020",921031
2021-10-18,"2021",2001297
2021-10-18,"2022",NA
2021-10-19,"2019",2126637
2021-10-19,"2020",662484
2021-10-19,"2021",1446353
2021-10-19,"2022",NA
2021-10-20,"2019",2245199
2021-10-20,"2020",694150
2021-10-20,"2021",1647089
2021-10-20,"2022",NA
2021-10-21,"2019",2541581
2021-10-21,"2020",934386
2021-10-21,"2021",2046694
2021-10-21,"2022",NA
2021-10-22,"2019",2594337
2021-10-22,"2020",958437
2021-10-22,"2021",2108582
2021-10-22,"2022",NA
2021-10-23,"2019",1931971
2021-10-23,"2020",755287
2021-10-23,"2021",1626185
2021-10-23,"2022",NA
2021-10-24,"2019",2478287
2021-10-24,"2020",983745
2021-10-24,"2021",2107839
2021-10-24,"2022",NA
2021-10-25,"2019",2347017
2021-10-25,"2020",898735
2021-10-25,"2021",1989373
2021-10-25,"2022",NA
2021-10-26,"2019",1910506
2021-10-26,"2020",648517
2021-10-26,"2021",1503587
2021-10-26,"2022",NA
2021-10-27,"2019",2066516
2021-10-27,"2020",666957
2021-10-27,"2021",1547075
2021-10-27,"2022",NA
2021-10-28,"2019",2047910
2021-10-28,"2020",873636
2021-10-28,"2021",1927041
2021-10-28,"2022",NA
2021-10-29,"2019",2319906
2021-10-29,"2020",892712
2021-10-29,"2021",1982773
2021-10-29,"2022",NA
2021-10-30,"2019",1836781
2021-10-30,"2020",618476
2021-10-30,"2021",1518020
2021-10-30,"2022",NA
2021-10-31,"2019",2459525
2021-10-31,"2020",936092
2021-10-31,"2021",1845965
2021-10-31,"2022",NA
2021-11-01,"2019",2403304
2021-11-01,"2020",846138
2021-11-01,"2021",1992577
2021-11-01,"2022",NA
2021-11-02,"2019",2005101
2021-11-02,"2020",575829
2021-11-02,"2021",1487874
2021-11-02,"2022",NA
2021-11-03,"2019",2147882
2021-11-03,"2020",636533
2021-11-03,"2021",1525948
2021-11-03,"2022",NA
2021-11-04,"2019",2507365
2021-11-04,"2020",867105
2021-11-04,"2021",1940302
2021-11-04,"2022",NA
2021-11-05,"2019",2544350
2021-11-05,"2020",895091
2021-11-05,"2021",2035406
2021-11-05,"2022",NA
2021-11-06,"2019",1908805
2021-11-06,"2020",689951
2021-11-06,"2021",1527465
2021-11-06,"2022",NA
2021-11-07,"2019",2356349
2021-11-07,"2020",973020
2021-11-07,"2021",2152721
2021-11-07,"2022",NA
2021-11-08,"2019",2465392
2021-11-08,"2020",836600
2021-11-08,"2021",1955530
2021-11-08,"2022",NA
2021-11-09,"2019",2150003
2021-11-09,"2020",596475
2021-11-09,"2021",1456657
2021-11-09,"2022",NA
2021-11-10,"2019",2072207
2021-11-10,"2020",674633
2021-11-10,"2021",1691526
2021-11-10,"2022",NA
2021-11-11,"2019",2364920
2021-11-11,"2020",866679
2021-11-11,"2021",2064753
2021-11-11,"2022",NA
2021-11-12,"2019",2437211
2021-11-12,"2020",881579
2021-11-12,"2021",2001439
2021-11-12,"2022",NA
2021-11-13,"2019",1807230
2021-11-13,"2020",697360
2021-11-13,"2021",1559772
2021-11-13,"2022",NA
2021-11-14,"2019",2396681
2021-11-14,"2020",978297
2021-11-14,"2021",2150150
2021-11-14,"2022",NA
2021-11-15,"2019",2298856
2021-11-15,"2020",883157
2021-11-15,"2021",2010601
2021-11-15,"2022",NA
2021-11-16,"2019",1900895
2021-11-16,"2020",611497
2021-11-16,"2021",1491890
2021-11-16,"2022",NA
2021-11-17,"2019",2071631
2021-11-17,"2020",703135
2021-11-17,"2021",1624511
2021-11-17,"2022",NA
2021-11-18,"2019",2428095
2021-11-18,"2020",907332
2021-11-18,"2021",2044545
2021-11-18,"2022",NA
2021-11-19,"2019",2550459
2021-11-19,"2020",1019836
2021-11-19,"2021",2242956
2021-11-19,"2022",NA
2021-11-20,"2019",2194291
2021-11-20,"2020",984369
2021-11-20,"2021",2004579
2021-11-20,"2022",NA
2021-11-21,"2019",2321546
2021-11-21,"2020",1047934
2021-11-21,"2021",2213716
2021-11-21,"2022",NA
2021-11-22,"2019",2254188
2021-11-22,"2020",917354
2021-11-22,"2021",2081064
2021-11-22,"2022",NA
2021-11-23,"2019",2435170
2021-11-23,"2020",912090
2021-11-23,"2021",2207949
2021-11-23,"2022",NA
2021-11-24,"2019",2624250
2021-11-24,"2020",1070967
2021-11-24,"2021",2311978
2021-11-24,"2022",NA
2021-11-25,"2019",1591158
2021-11-25,"2020",560902
2021-11-25,"2021",1382230
2021-11-25,"2022",NA
2021-11-26,"2019",1968137
2021-11-26,"2020",820399
2021-11-26,"2021",1778983
2021-11-26,"2022",NA
2021-11-27,"2019",2648268
2021-11-27,"2020",964630
2021-11-27,"2021",2208192
2021-11-27,"2022",NA
2021-11-28,"2019",2882915
2021-11-28,"2020",1176091
2021-11-28,"2021",2451300
2021-11-28,"2022",NA
2021-11-29,"2019",2591470
2021-11-29,"2020",981912
2021-11-29,"2021",2237087
2021-11-29,"2022",NA
2021-11-30,"2019",2280403
2021-11-30,"2020",780283
2021-11-30,"2021",1810460
2021-11-30,"2022",NA
2021-12-01,"2019",2054380
2021-12-01,"2020",632356
2021-12-01,"2021",1660506
2021-12-01,"2022",NA
2021-12-02,"2019",2262878
2021-12-02,"2020",738050
2021-12-02,"2021",1866275
2021-12-02,"2022",NA
2021-12-03,"2019",2278205
2021-12-03,"2020",753951
2021-12-03,"2021",1952294
2021-12-03,"2022",NA
2021-12-04,"2019",1755801
2021-12-04,"2020",629430
2021-12-04,"2021",1566729
2021-12-04,"2022",NA
2021-12-05,"2019",2292079
2021-12-05,"2020",837137
2021-12-05,"2021",2068792
2021-12-05,"2022",NA
2021-12-06,"2019",2226290
2021-12-06,"2020",703546
2021-12-06,"2021",1854048
2021-12-06,"2022",NA
2021-12-07,"2019",1897051
2021-12-07,"2020",501513
2021-12-07,"2021",1459054
2021-12-07,"2022",NA
2021-12-08,"2019",2020488
2021-12-08,"2020",564372
2021-12-08,"2021",1610785
2021-12-08,"2022",NA
2021-12-09,"2019",2362310
2021-12-09,"2020",754307
2021-12-09,"2021",1959937
2021-12-09,"2022",NA
2021-12-10,"2019",2388029
2021-12-10,"2020",787489
2021-12-10,"2021",2045674
2021-12-10,"2022",NA
2021-12-11,"2019",1893871
2021-12-11,"2020",662380
2021-12-11,"2021",1669737
2021-12-11,"2022",NA
2021-12-12,"2019",2300248
2021-12-12,"2020",865014
2021-12-12,"2021",2040364
2021-12-12,"2022",NA
2021-12-13,"2019",2250386
2021-12-13,"2020",752451
2021-12-13,"2021",1912915
2021-12-13,"2022",NA
2021-12-14,"2019",2009112
2021-12-14,"2020",552024
2021-12-14,"2021",1520251
2021-12-14,"2022",NA
2021-12-15,"2019",2234374
2021-12-15,"2020",641966
2021-12-15,"2021",1762920
2021-12-15,"2022",NA
2021-12-16,"2019",2471408
2021-12-16,"2020",846934
2021-12-16,"2021",2062579
2021-12-16,"2022",NA
2021-12-17,"2019",2608088
2021-12-17,"2020",1066747
2021-12-17,"2021",2233754
2021-12-17,"2022",NA
2021-12-18,"2019",2487987
2021-12-18,"2020",1073563
2021-12-18,"2021",2035273
2021-12-18,"2022",NA
2021-12-19,"2019",2519399
2021-12-19,"2020",1064619
2021-12-19,"2021",2118528
2021-12-19,"2022",NA
2021-12-20,"2019",2490503
2021-12-20,"2020",954782
2021-12-20,"2021",2098540
2021-12-20,"2022",NA
2021-12-21,"2019",1981433
2021-12-21,"2020",992167
2021-12-21,"2021",1979089
2021-12-21,"2022",NA
2021-12-22,"2019",1937235
2021-12-22,"2020",1191123
2021-12-22,"2021",2081297
2021-12-22,"2022",NA
2021-12-23,"2019",2552194
2021-12-23,"2020",846520
2021-12-23,"2021",2187792
2021-12-23,"2022",NA
2021-12-24,"2019",2582580
2021-12-24,"2020",616469
2021-12-24,"2021",1709601
2021-12-24,"2022",NA
2021-12-25,"2019",2470786
2021-12-25,"2020",1128773
2021-12-25,"2021",1533398
2021-12-25,"2022",NA
2021-12-26,"2019",2575985
2021-12-26,"2020",1284599
2021-12-26,"2021",2070554
2021-12-26,"2022",NA
2021-12-27,"2019",2500396
2021-12-27,"2020",1111751
2021-12-27,"2021",2089186
2021-12-27,"2022",NA
2021-12-28,"2019",2009880
2021-12-28,"2020",1019347
2021-12-28,"2021",1995747
2021-12-28,"2022",NA
2021-12-29,"2019",2133253
2021-12-29,"2020",1163696
2021-12-29,"2021",2017937
2021-12-29,"2022",NA
2021-12-30,"2019",2392331
2021-12-30,"2020",874406
2021-12-30,"2021",2049604
2021-12-30,"2022",NA
2021-12-31,"2019",2311732
2021-12-31,"2020",805990
2021-12-31,"2021",1650795
2021-12-31,"2022",NA
2022-01-01,"2019",2345103
2022-01-01,"2020",2178656
2022-01-01,"2021",1192881
2022-01-01,"2022",1616316
2022-01-02,"2019",2202111
2022-01-02,"2020",2422272
2022-01-02,"2021",1327289
2022-01-02,"2022",2023309
2022-01-03,"2019",2150571
2022-01-03,"2020",2210542
2022-01-03,"2021",1080346
2022-01-03,"2022",1916499
2022-01-04,"2019",1975947
2022-01-04,"2020",1806480
2022-01-04,"2021",766594
2022-01-04,"2022",1666715
2022-01-05,"2019",2229391
2022-01-05,"2020",1815040
2022-01-05,"2021",665855
2022-01-05,"2022",1493235
2022-01-06,"2019",2044043
2022-01-06,"2020",2034472
2022-01-06,"2021",771734
2022-01-06,"2022",1533544
2022-01-07,"2019",1733739
2022-01-07,"2020",2072543
2022-01-07,"2021",772471
2022-01-07,"2022",1502714
2022-01-08,"2019",1739642
2022-01-08,"2020",1687974
2022-01-08,"2021",709444
2022-01-08,"2022",1449698
2022-01-09,"2019",1955200
2022-01-09,"2020",2183734
2022-01-09,"2021",886536
2022-01-09,"2022",1693518
2022-01-10,"2019",1959788
2022-01-10,"2020",1992453
2022-01-10,"2021",708177
2022-01-10,"2022",1449550
2022-01-11,"2019",1604862
2022-01-11,"2020",1691205
2022-01-11,"2021",520117
2022-01-11,"2022",1125952
2022-01-12,"2019",1970450
2022-01-12,"2020",1876782
2022-01-12,"2021",567401
2022-01-12,"2022",1231419
2022-01-13,"2019",1886642
2022-01-13,"2020",2242656
2022-01-13,"2021",803688
2022-01-13,"2022",1541835
2022-01-14,"2019",1605758
2022-01-14,"2020",2347075
2022-01-14,"2021",903039
2022-01-14,"2022",1728383
2022-01-15,"2019",1786012
2022-01-15,"2020",1781893
2022-01-15,"2021",690438
2022-01-15,"2022",1403734
2022-01-16,"2019",2139242
2022-01-16,"2020",2000260
2022-01-16,"2021",810654
2022-01-16,"2022",1379403
2022-01-17,"2019",2271398
2022-01-17,"2020",2298616
2022-01-17,"2021",878048
2022-01-17,"2022",1699242
2022-01-18,"2019",1600698
2022-01-18,"2020",1870459
2022-01-18,"2021",560190
2022-01-18,"2022",1301462
2022-01-19,"2019",1776235
2022-01-19,"2020",1801444
2022-01-19,"2021",542338
2022-01-19,"2022",1201583
2022-01-20,"2019",2179066
2022-01-20,"2020",2100401
2022-01-20,"2021",728978
2022-01-20,"2022",1471161
2022-01-21,"2019",1804629
2022-01-21,"2020",2145063
2022-01-21,"2021",755028
2022-01-21,"2022",1514369
2022-01-22,"2019",1763884
2022-01-22,"2020",1645196
2022-01-22,"2021",603527
2022-01-22,"2022",1241792
2022-01-23,"2019",1991328
2022-01-23,"2020",2136584
2022-01-23,"2021",838116
2022-01-23,"2022",1648529
2022-01-24,"2019",2052814
2022-01-24,"2020",2004609
2022-01-24,"2021",701709
2022-01-24,"2022",1397281
2022-01-25,"2019",1571077
2022-01-25,"2020",1643435
2022-01-25,"2021",468933
2022-01-25,"2022",1059741
2022-01-26,"2019",2010374
2022-01-26,"2020",1777171
2022-01-26,"2021",536935
2022-01-26,"2022",1198339
2022-01-27,"2019",1862420
2022-01-27,"2020",2085468
2022-01-27,"2021",750558
2022-01-27,"2022",1555773
2022-01-28,"2019",1534386
2022-01-28,"2020",2159047
2022-01-28,"2021",774688
2022-01-28,"2022",1632406
2022-01-29,"2019",1593697
2022-01-29,"2020",1658886
2022-01-29,"2021",617489
2022-01-29,"2022",1070691
2022-01-30,"2019",1938817
2022-01-30,"2020",1948138
2022-01-30,"2021",859039
2022-01-30,"2022",1714280
2022-01-31,"2019",2078169
2022-01-31,"2020",2054725
2022-01-31,"2021",628989
2022-01-31,"2022",1537573
2022-02-01,"2019",1591591
2022-02-01,"2020",1677798
2022-02-01,"2021",493338
2022-02-01,"2022",1200580
2022-02-02,"2019",1792677
2022-02-02,"2020",1843877
2022-02-02,"2021",618615
2022-02-02,"2022",1192973
2022-02-03,"2019",2001482
2022-02-03,"2020",2167857
2022-02-03,"2021",778065
2022-02-03,"2022",1339533
2022-02-04,"2019",1655868
2022-02-04,"2020",2271551
2022-02-04,"2021",868624
2022-02-04,"2022",1577790
2022-02-05,"2019",1756152
2022-02-05,"2020",1770241
2022-02-05,"2021",705951
2022-02-05,"2022",1399444
2022-02-06,"2019",2064640
2022-02-06,"2020",2224826
2022-02-06,"2021",854636
2022-02-06,"2022",1785846
2022-02-07,"2019",2134744
2022-02-07,"2020",2164951
2022-02-07,"2021",864783
2022-02-07,"2022",1591438
2022-02-08,"2019",1648328
2022-02-08,"2020",1814047
2022-02-08,"2021",617619
2022-02-08,"2022",1232591
2022-02-09,"2019",2105696
2022-02-09,"2020",2038375
2022-02-09,"2021",735009
2022-02-09,"2022",1386325
2022-02-10,"2019",2055827
2022-02-10,"2020",2415185
2022-02-10,"2021",1034514
2022-02-10,"2022",1782705
2022-02-11,"2019",1620239
2022-02-11,"2020",2507588
2022-02-11,"2021",1151420
2022-02-11,"2022",1914374
2022-02-12,"2019",1950385
2022-02-12,"2020",1972248
2022-02-12,"2021",900696
2022-02-12,"2022",1534080
2022-02-13,"2019",2227730
2022-02-13,"2020",2198657
2022-02-13,"2021",946458
2022-02-13,"2022",1815824
2022-02-14,"2019",1922613
2022-02-14,"2020",2494922
2022-02-14,"2021",967693
2022-02-14,"2022",1731473
2022-02-15,"2019",2147045
2022-02-15,"2020",2190300
2022-02-15,"2021",738825
2022-02-15,"2022",1479653
2022-02-16,"2019",2476445
2022-02-16,"2020",2129862
2022-02-16,"2021",773422
2022-02-16,"2022",1656217
2022-02-17,"2019",2177690
2022-02-17,"2020",2358511
2022-02-17,"2021",914823
2022-02-17,"2022",1977756
2022-02-18,"2019",2022861
2022-02-18,"2020",2429489
2022-02-18,"2021",1059452
2022-02-18,"2022",2241123
2022-02-19,"2019",2351856
2022-02-19,"2020",1951535
2022-02-19,"2021",942238
2022-02-19,"2022",1826392
2022-02-20,"2019",2415570
2022-02-20,"2020",2380359
2022-02-20,"2021",1115479
2022-02-20,"2022",2067788
2022-02-21,"2019",2331841
2022-02-21,"2020",2267382
2022-02-21,"2021",963280
2022-02-21,"2022",2215453
2022-02-22,"2019",2274217
2022-02-22,"2020",1919803
2022-02-22,"2021",714725
2022-02-22,"2022",1780987
2022-02-23,"2019",2197938
2022-02-23,"2020",2075554
2022-02-23,"2021",802230
2022-02-23,"2022",1752841
2022-02-24,"2019",2160322
2022-02-24,"2020",2364727
2022-02-24,"2021",1051149
2022-02-24,"2022",1980803
2022-02-25,"2019",1861286
2022-02-25,"2020",2441643
2022-02-25,"2021",1096348
2022-02-25,"2022",2098325
2022-02-26,"2019",2015079
2022-02-26,"2020",1949696
2022-02-26,"2021",917282
2022-02-26,"2022",1840996
2022-02-27,"2019",2307393
2022-02-27,"2020",2353150
2022-02-27,"2021",1190682
2022-02-27,"2022",2145281
2022-02-28,"2019",2257920
2022-02-28,"2020",2089641
2022-02-28,"2021",1049692
2022-02-28,"2022",1979422
2022-03-01,"2019",1979558
2022-03-01,"2020",1736393
2022-03-01,"2021",744812
2022-03-01,"2022",1635546
2022-03-02,"2019",2143619
2022-03-02,"2020",1877401
2022-03-02,"2021",826924
2022-03-02,"2022",1738406
2022-03-03,"2019",2402692
2022-03-03,"2020",2130015
2022-03-03,"2021",1107534
2022-03-03,"2022",2038115
2022-03-04,"2019",2543689
2022-03-04,"2020",2198517
2022-03-04,"2021",1168734
2022-03-04,"2022",2132807
2022-03-05,"2019",2156262
2022-03-05,"2020",1844811
2022-03-05,"2021",992406
2022-03-05,"2022",1830246
2022-03-06,"2019",2485430
2022-03-06,"2020",2119867
2022-03-06,"2021",1278557
2022-03-06,"2022",2180940
2022-03-07,"2019",2378673
2022-03-07,"2020",1909363
2022-03-07,"2021",1119303
2022-03-07,"2022",2017973
2022-03-08,"2019",2122898
2022-03-08,"2020",1617220
2022-03-08,"2021",825745
2022-03-08,"2022",1644052
2022-03-09,"2019",2187298
2022-03-09,"2020",1702686
2022-03-09,"2021",974221
2022-03-09,"2022",1844208
2022-03-10,"2019",2503924
2022-03-10,"2020",1788456
2022-03-10,"2021",1286894
2022-03-10,"2022",2184044
2022-03-11,"2019",2634215
2022-03-11,"2020",1714372
2022-03-11,"2021",1409771
2022-03-11,"2022",2297374
2022-03-12,"2019",2274658
2022-03-12,"2020",1485553
2022-03-12,"2021",1227484
2022-03-12,"2022",1990954
2022-03-13,"2019",2545742
2022-03-13,"2020",1519192
2022-03-13,"2021",1345284
2022-03-13,"2022",2288800
2022-03-14,"2019",2465709
2022-03-14,"2020",1257823
2022-03-14,"2021",1267345
2022-03-14,"2022",2200172
2022-03-15,"2019",2177929
2022-03-15,"2020",953699
2022-03-15,"2021",1092548
2022-03-15,"2022",1858773
2022-03-16,"2019",2320885
2022-03-16,"2020",779631
2022-03-16,"2021",1146539
2022-03-16,"2022",1993734
2022-03-17,"2019",2513231
2022-03-17,"2020",620883
2022-03-17,"2021",1413141
2022-03-17,"2022",2221946
2022-03-18,"2019",2559307
2022-03-18,"2020",593167
2022-03-18,"2021",1477841
2022-03-18,"2022",2308212
2022-03-19,"2019",2227181
2022-03-19,"2020",548132
2022-03-19,"2021",1373259
2022-03-19,"2022",2099056
2022-03-20,"2019",2542643
2022-03-20,"2020",454516
2022-03-20,"2021",1543136
2022-03-20,"2022",2366751
2022-03-21,"2019",2434370
2022-03-21,"2020",331431
2022-03-21,"2021",1360290
2022-03-21,"2022",2158280
2022-03-22,"2019",2151913
2022-03-22,"2020",279018
2022-03-22,"2021",1076453
2022-03-22,"2022",1856872
2022-03-23,"2019",2273811
2022-03-23,"2020",239234
2022-03-23,"2021",1164954
2022-03-23,"2022",1962056
2022-03-24,"2019",2487162
2022-03-24,"2020",203858
2022-03-24,"2021",1444744
2022-03-24,"2022",2234353
2022-03-25,"2019",2538384
2022-03-25,"2020",199644
2022-03-25,"2021",1535156
2022-03-25,"2022",2290587
2022-03-26,"2019",2172920
2022-03-26,"2020",184027
2022-03-26,"2021",1408198
2022-03-26,"2022",2009500
2022-03-27,"2019",2510294
2022-03-27,"2020",180002
2022-03-27,"2021",1574228
2022-03-27,"2022",2307110
2022-03-28,"2019",2360053
2022-03-28,"2020",154080
2022-03-28,"2021",1406234
2022-03-28,"2022",2131678
2022-03-29,"2019",2026256
2022-03-29,"2020",146348
2022-03-29,"2021",1130520
2022-03-29,"2022",1736292
2022-03-30,"2019",2151626
2022-03-30,"2020",136023
2022-03-30,"2021",1278113
2022-03-30,"2022",1887350
2022-03-31,"2019",2411500
2022-03-31,"2020",124021
2022-03-31,"2021",1562239
2022-03-31,"2022",2196867
2022-04-01,"2019",2476884
2022-04-01,"2020",129763
2022-04-01,"2021",1580785
2022-04-01,"2022",2271659
2022-04-02,"2019",2011715
2022-04-02,"2020",118302
2022-04-02,"2021",1397958
2022-04-02,"2022",1913117
2022-04-03,"2019",2462929
2022-04-03,"2020",122029
2022-04-03,"2021",1543474
2022-04-03,"2022",2204115
2022-04-04,"2019",2384091
2022-04-04,"2020",108310
2022-04-04,"2021",1561959
2022-04-04,"2022",2139084
2022-04-05,"2019",2091056
2022-04-05,"2020",97130
2022-04-05,"2021",1195306
2022-04-05,"2022",1848862
2022-04-06,"2019",2229276
2022-04-06,"2020",94931
2022-04-06,"2021",1230939
2022-04-06,"2022",1978691
2022-04-07,"2019",2487398
2022-04-07,"2020",104090
2022-04-07,"2021",1510829
2022-04-07,"2022",2216218
2022-04-08,"2019",2590499
2022-04-08,"2020",108977
2022-04-08,"2021",1549181
2022-04-08,"2022",2318977
2022-04-09,"2019",2059142
2022-04-09,"2020",93645
2022-04-09,"2021",1378237
2022-04-09,"2022",1946502
2022-04-10,"2019",2446801
2022-04-10,"2020",90510
2022-04-10,"2021",1561495
2022-04-10,"2022",2293548
2022-04-11,"2019",2484580
2022-04-11,"2020",102184
2022-04-11,"2021",1468972
2022-04-11,"2022",2181446
2022-04-12,"2019",2208688
2022-04-12,"2020",87534
2022-04-12,"2021",1085034
2022-04-12,"2022",1883294
2022-04-13,"2019",2317381
2022-04-13,"2020",90784
2022-04-13,"2021",1152703
2022-04-13,"2022",2040285
2022-04-14,"2019",2616158
2022-04-14,"2020",95085
2022-04-14,"2021",1491435
2022-04-14,"2022",2337501
2022-04-15,"2019",2457133
2022-04-15,"2020",106385
2022-04-15,"2021",1468218
2022-04-15,"2022",2311092
2022-04-16,"2019",1988205
2022-04-16,"2020",97236
2022-04-16,"2021",1277815
2022-04-16,"2022",1894331
2022-04-17,"2019",2356802
2022-04-17,"2020",105382
2022-04-17,"2021",1572383
2022-04-17,"2022",2214519
2022-04-18,"2019",2594171
2022-04-18,"2020",99344
2022-04-18,"2021",1412500
2022-04-18,"2022",2288902
2022-04-19,"2019",2227475
2022-04-19,"2020",92859
2022-04-19,"2021",1082443
2022-04-19,"2022",1979882
2022-04-20,"2019",2254209
2022-04-20,"2020",98968
2022-04-20,"2021",1164099
2022-04-20,"2022",2027836
2022-04-21,"2019",2526961
2022-04-21,"2020",111627
2022-04-21,"2021",1509649
2022-04-21,"2022",2279905
2022-04-22,"2019",2521897
2022-04-22,"2020",123464
2022-04-22,"2021",1521393
2022-04-22,"2022",2293242
2022-04-23,"2019",1990464
2022-04-23,"2020",114459
2022-04-23,"2021",1259724
2022-04-23,"2022",1826772
2022-04-24,"2019",2506809
2022-04-24,"2020",128875
2022-04-24,"2021",1571220
2022-04-24,"2022",2293427
2022-04-25,"2019",2412770
2022-04-25,"2020",119854
2022-04-25,"2021",1369410
2022-04-25,"2022",2182717
2022-04-26,"2019",2102068
2022-04-26,"2020",110913
2022-04-26,"2021",1077199
2022-04-26,"2022",1863020
2022-04-27,"2019",2256442
2022-04-27,"2020",119629
2022-04-27,"2021",1184326
2022-04-27,"2022",1996601
2022-04-28,"2019",2499461
2022-04-28,"2020",154695
2022-04-28,"2021",1526681
2022-04-28,"2022",2258077
2022-04-29,"2019",2546029
2022-04-29,"2020",171563
2022-04-29,"2021",1558553
2022-04-29,"2022",2275133
2022-04-30,"2019",1968278
2022-04-30,"2020",134261
2022-04-30,"2021",1335535
2022-04-30,"2022",1877559
2022-05-01,"2019",2512598
2022-05-01,"2020",170254
2022-05-01,"2021",1626962
2022-05-01,"2022",2263646
2022-05-02,"2019",2470969
2022-05-02,"2020",163692
2022-05-02,"2021",1463672
2022-05-02,"2022",2136427
2022-05-03,"2019",2106597
2022-05-03,"2020",130601
2022-05-03,"2021",1134103
2022-05-03,"2022",1764745
2022-05-04,"2019",2270662
2022-05-04,"2020",140409
2022-05-04,"2021",1268938
2022-05-04,"2022",1953128
2022-05-05,"2019",2555342
2022-05-05,"2020",190863
2022-05-05,"2021",1644050
2022-05-05,"2022",2234701
2022-05-06,"2019",2602631
2022-05-06,"2020",215444
2022-05-06,"2021",1703267
2022-05-06,"2022",2279258
2022-05-07,"2019",1985942
2022-05-07,"2020",169580
2022-05-07,"2021",1429657
2022-05-07,"2022",1869222
2022-05-08,"2019",2419114
2022-05-08,"2020",200815
2022-05-08,"2021",1707805
2022-05-08,"2022",2248861
